the,otherword1
of,otherword2
and,otherword3
to,otherword4
in,otherword5
i,otherword6
that,otherword7
was,otherword8
his,otherword9
he,otherword10
it,otherword11
with,otherword12
is,otherword13
for,otherword14
as,otherword15
had,otherword16
you,otherword17
not,otherword18
be,otherword19
her,otherword20
on,otherword21
at,otherword22
by,otherword23
which,otherword24
have,otherword25
or,otherword26
from,otherword27
this,otherword28
him,otherword29
but,otherword30
all,otherword31
she,otherword32
they,otherword33
were,otherword34
my,otherword35
are,otherword36
me,otherword37
one,otherword38
their,otherword39
so,otherword40
an,otherword41
said,otherword42
them,otherword43
we,otherword44
who,otherword45
would,otherword46
been,otherword47
will,otherword48
no,otherword49
when,otherword50
there,otherword51
if,otherword52
more,otherword53
out,otherword54
up,otherword55
into,otherword56
do,otherword57
any,otherword58
your,otherword59
what,otherword60
has,otherword61
man,otherword62
could,otherword63
other,otherword64
than,otherword65
our,otherword66
some,otherword67
very,otherword68
time,otherword69
upon,otherword70
about,otherword71
may,otherword72
its,otherword73
only,otherword74
now,otherword75
like,otherword76
little,otherword77
then,otherword78
can,otherword79
should,otherword80
made,otherword81
did,otherword82
us,otherword83
such,otherword84
a,otherword85
great,otherword86
before,otherword87
must,otherword88
two,otherword89
these,otherword90
see,otherword91
know,otherword92
over,otherword93
much,otherword94
down,otherword95
after,otherword96
first,otherword97
Mr,otherword98
good,otherword99
men,otherword100
own,otherword101
never,otherword102
most,otherword103
old,otherword104
shall,otherword105
day,otherword106
where,otherword107
those,otherword108
Sidon,otherword109
come,otherword110
himself,otherword111
way,otherword112
work,otherword113
life,otherword114
without,otherword115
go,otherword116
make,otherword117
well,otherword118
through,otherword119
being,otherword120
long,otherword121
say,otherword122
might,otherword123
how,otherword124
am,otherword125
too,otherword126
even,otherword127
def,otherword128
again,otherword129
many,otherword130
back,otherword131
here,otherword132
think,otherword133
every,otherword134
people,otherword135
went,otherword136
same,otherword137
last,otherword138
thought,otherword139
away,otherword140
under,otherword141
take,otherword142
found,otherword143
hand,otherword144
eyes,otherword145
still,otherword146
place,otherword147
while,otherword148
just,otherword149
also,otherword150
young,otherword151
yet,otherword152
though,otherword153
against,otherword154
things,otherword155
get,otherword156
ever,otherword157
give,otherword158
god,otherword159
years,otherword160
off,otherword161
face,otherword162
nothing,otherword163
right,otherword164
once,otherword165
another,otherword166
left,otherword167
part,otherword168
saw,otherword169
house,otherword170
world,otherword171
head,otherword172
three,otherword173
took,otherword174
new,otherword175
love,otherword176
always,otherword177
Mrs,otherword178
put,otherword179
night,otherword180
each,otherword181
king,otherword182
between,otherword183
tell,otherword184
mind,otherword185
heart,otherword186
few,otherword187
because,otherword188
thing,otherword189
whom,otherword190
far,otherword191
seemed,otherword192
looked,otherword193
called,otherword194
whole,otherword195
de,otherword196
set,otherword197
both,otherword198
got,otherword199
find,otherword200
done,otherword201
heard,otherword202
look,otherword203
name,otherword204
days,otherword205
told,otherword206
let,otherword207
lord,otherword208
country,otherword209
asked,otherword210
going,otherword211
seen,otherword212
better,otherword213
p,otherword214
having,otherword215
home,otherword216
knew,otherword217
side,otherword218
something,otherword219
moment,otherword220
father,otherword221
among,otherword222
course,otherword223
hands,otherword224
woman,otherword225
enough,otherword226
words,otherword227
mother,otherword228
soon,otherword229
full,otherword230
end,otherword231
gave,otherword232
room,otherword233
almost,otherword234
small,otherword235
thou,otherword236
Jebusite,otherword237
water,otherword238
want,otherword239
however,otherword240
light,otherword241
quite,otherword242
brought,otherword243
nor,otherword244
word,otherword245
whose,otherword246
given,otherword247
door,otherword248
best,otherword249
turned,otherword250
taken,otherword251
does,otherword252
use,otherword253
morning,otherword254
myself,otherword255
Gutenberg,otherword256
felt,otherword257
until,otherword258
since,otherword259
power,otherword260
themselves,otherword261
used,otherword262
rather,otherword263
began,otherword264
present,otherword265
voice,otherword266
others,otherword267
white,otherword268
works,otherword269
less,otherword270
money,otherword271
next,otherword272
poor,otherword273
death,otherword274
stood,otherword275
form,otherword276
within,otherword277
together,otherword278
till,otherword279
thy,otherword280
large,otherword281
matter,otherword282
kind,otherword283
often,otherword284
certain,otherword285
herself,otherword286
year,otherword287
friend,otherword288
half,otherword289
order,otherword290
round,otherword291
TRUE,otherword292
anything,otherword293
keep,otherword294
sent,otherword295
wife,otherword296
means,otherword297
believe,otherword298
passed,otherword299
feet,otherword300
near,otherword301
public,otherword302
state,otherword303
son,otherword304
hundred,otherword305
children,otherword306
thus,otherword307
hope,otherword308
alone,otherword309
above,otherword310
case,otherword311
dear,otherword312
thee,otherword313
says,otherword314
person,otherword315
high,otherword316
read,otherword317
city,otherword318
already,otherword319
received,otherword320
fact,otherword321
gone,otherword322
girl,otherword323
known,otherword324
hear,otherword325
times,otherword326
least,otherword327
perhaps,otherword328
sure,otherword329
indeed,otherword330
english,otherword331
open,otherword332
body,otherword333
itself,otherword334
along,otherword335
land,otherword336
return,otherword337
leave,otherword338
air,otherword339
nature,otherword340
answered,otherword341
either,otherword342
law,otherword343
help,otherword344
lay,otherword345
point,otherword346
Almighty,otherword347
letter,otherword348
four,otherword349
wish,otherword350
fire,otherword351
cried,otherword352
2,otherword353
women,otherword354
speak,otherword355
number,otherword356
therefore,otherword357
hour,otherword358
friends,otherword359
held,otherword360
free,otherword361
war,otherword362
during,otherword363
several,otherword364
business,otherword365
whether,otherword366
er,otherword367
manner,otherword368
second,otherword369
reason,otherword370
replied,otherword371
united,otherword372
Hivite,otherword373
general,otherword374
why,otherword375
behind,otherword376
became,otherword377
john,otherword378
become,otherword379
dead,otherword380
earth,otherword381
boy,otherword382
lost,otherword383
forth,otherword384
thousand,otherword385
looking,otherword386
Genesis,otherword387
family,otherword388
soul,otherword389
feel,otherword390
coming,otherword391
England,otherword392
spirit,otherword393
question,otherword394
Arphaxad,otherword395
truth,otherword396
ground,otherword397
really,otherword398
rest,otherword399
mean,otherword400
different,otherword401
making,otherword402
possible,otherword403
fell,otherword404
towards,otherword405
human,otherword406
kept,otherword407
short,otherword408
town,otherword409
following,otherword410
need,otherword411
Sinite,otherword412
met,otherword413
evening,otherword414
returned,otherword415
five,otherword416
strong,otherword417
able,otherword418
french,otherword419
live,otherword420
lady,otherword421
subject,otherword422
sn,otherword423
answer,otherword424
sea,otherword425
fear,otherword426
understand,otherword427
hard,otherword428
terms,otherword429
doubt,otherword430
around,otherword431
ask,otherword432
arms,otherword433
turn,otherword434
sense,otherword435
seems,otherword436
black,otherword437
bring,otherword438
followed,otherword439
beautiful,otherword440
close,otherword441
dark,otherword442
hold,otherword443
character,otherword444
sort,otherword445
sight,otherword446
ten,otherword447
show,otherword448
party,otherword449
fine,otherword450
ye,otherword451
ready,otherword452
story,otherword453
common,otherword454
book,otherword455
electronic,otherword456
talk,otherword457
account,otherword458
mark,otherword459
interest,otherword460
Hazezontamar,otherword461
retire,otherword462
bed,otherword463
necessary,otherword464
age,otherword465
else,otherword466
force,otherword467
idea,otherword468
longer,otherword469
art,otherword470
spoke,otherword471
across,otherword472
brother,otherword473
early,otherword474
ought,otherword475
sometimes,otherword476
line,otherword477
saying,otherword478
table,otherword479
appeared,otherword480
river,otherword481
continued,otherword482
eye,otherword483
ety,otherword484
sun,otherword485
information,otherword486
later,otherword487
everything,otherword488
reached,otherword489
suddenly,otherword490
past,otherword491
hours,otherword492
strange,otherword493
deep,otherword494
change,otherword495
miles,otherword496
feeling,otherword497
act,otherword498
meet,otherword499
paid,otherword500
further,otherword501
purpose,otherword502
happy,otherword503
added,otherword504
seem,otherword505
taking,otherword506
blood,otherword507
rose,otherword508
south,otherword509
beyond,otherword510
cold,otherword511
neither,otherword512
forward,otherword513
view,otherword514
Exodus,otherword515
position,otherword516
sound,otherword517
none,otherword518
entered,otherword519
clear,otherword520
road,otherword521
late,otherword522
stand,otherword523
suppose,otherword524
la,otherword525
daughter,otherword526
real,otherword527
nearly,otherword528
mine,otherword529
laws,otherword530
knowledge,otherword531
comes,otherword532
toward,otherword533
bad,otherword534
cut,otherword535
copy,otherword536
husband,otherword537
six,otherword538
France,otherword539
living,otherword540
peace,otherword541
Leviticus,otherword542
low,otherword543
north,otherword544
remember,otherword545
effect,otherword546
natural,otherword547
pretty,otherword548
fall,otherword549
fair,otherword550
service,otherword551
Philemon,otherword552
except,otherword553
American,otherword554
hair,otherword555
London,otherword556
laid,otherword557
pass,otherword558
led,otherword559
copyright,otherword560
doing,otherword561
army,otherword562
run,otherword563
horse,otherword564
future,otherword565
opened,otherword566
pleasure,otherword567
history,otherword568
west,otherword569
pay,otherword570
red,otherword571
Numbers,otherword572
4,otherword573
hath,otherword574
note,otherword575
although,otherword576
wanted,otherword577
gold,otherword578
makes,otherword579
desire,otherword580
play,otherword581
master,otherword582
office,otherword583
tried,otherword584
front,otherword585
big,otherword586
Dr,otherword587
lived,otherword588
Pharaoh,otherword589
wind,otherword590
receive,otherword591
attention,otherword592
government,otherword593
unto,otherword594
church,otherword595
strength,otherword596
length,otherword597
company,otherword598
placed,otherword599
paper,otherword600
letters,otherword601
probably,otherword602
glad,otherword603
important,otherword604
especially,otherword605
greater,otherword606
yourself,otherword607
fellow,otherword608
bear,otherword609
opinion,otherword610
window,otherword611
ran,otherword612
faith,otherword613
ago,otherword614
agreement,otherword615
charge,otherword616
beauty,otherword617
lips,otherword618
remained,otherword619
arm,otherword620
latter,otherword621
duty,otherword622
send,otherword623
distance,otherword624
silence,otherword625
foot,otherword626
wild,otherword627
object,otherword628
die,otherword629
save,otherword630
gentleman,otherword631
trees,otherword632
green,otherword633
trouble,otherword634
smile,otherword635
books,otherword636
wrong,otherword637
various,otherword638
sleep,otherword639
persons,otherword640
blockquote,otherword641
happened,otherword642
particular,otherword643
drew,otherword644
minutes,otherword645
hardly,otherword646
walked,otherword647
chief,otherword648
chance,otherword649
according,otherword650
beginning,otherword651
action,otherword652
deal,otherword653
Luke,otherword654
visit,otherword655
thinking,otherword656
follow,otherword657
standing,otherword658
knows,otherword659
try,otherword660
presence,otherword661
heavy,otherword662
sweet,otherword663
plain,otherword664
donations,otherword665
immediately,otherword666
wrote,otherword667
mouth,otherword668
rich,otherword669
thoughts,otherword670
months,otherword671
u,otherword672
Deuteronomy,otherword673
afraid,otherword674
Paris,otherword675
single,otherword676
joy,otherword677
enemy,otherword678
broken,otherword679
unless,otherword680
states,otherword681
ship,otherword682
condition,otherword683
carry,otherword684
exclaimed,otherword685
including,otherword686
filled,otherword687
seeing,otherword688
influence,otherword689
write,otherword690
boys,otherword691
appear,otherword692
outside,otherword693
secret,otherword694
parts,otherword695
please,otherword696
appearance,otherword697
evil,otherword698
march,otherword699
george,otherword700
whatever,otherword701
slowly,otherword702
tears,otherword703
horses,otherword704
places,otherword705
caught,otherword706
stay,otherword707
instead,otherword708
struck,otherword709
blue,otherword710
York,otherword711
impossible,otherword712
period,otherword713
sister,otherword714
battle,otherword715
school,otherword716
Mary,otherword717
raised,otherword718
occasion,otherword719
married,otherword720
Joshua,otherword721
former,otherword722
food,otherword723
youth,otherword724
learned,otherword725
merely,otherword726
reach,otherword727
system,otherword728
twenty,otherword729
dinner,otherword730
quiet,otherword731
easily,otherword732
moved,otherword733
afterwards,otherword734
giving,otherword735
walk,otherword736
stopped,otherword737
laughed,otherword738
language,otherword739
expression,otherword740
week,otherword741
hall,otherword742
danger,otherword743
property,otherword744
wonder,otherword745
usual,otherword746
figure,otherword747
born,otherword748
court,otherword749
generally,otherword750
grew,otherword751
showed,otherword752
getting,otherword753
ancient,otherword754
respect,otherword755
third,otherword756
worth,otherword757
simple,otherword758
tree,otherword759
leaving,otherword760
remain,otherword761
society,otherword762
fight,otherword763
wall,otherword764
result,otherword765
heaven,otherword766
William,otherword767
started,otherword768
command,otherword769
tone,otherword770
regard,otherword771
expected,otherword772
Rephaim,otherword773
month,otherword774
beside,otherword775
silent,otherword776
perfect,otherword777
experience,otherword778
street,otherword779
writing,otherword780
goes,otherword781
circumstances,otherword782
entirely,otherword783
fresh,otherword784
duke,otherword785
covered,otherword786
bound,otherword787
east,otherword788
wood,otherword789
stone,otherword790
quickly,otherword791
notice,otherword792
bright,otherword793
Christ,otherword794
boat,otherword795
noble,otherword796
meant,otherword797
somewhat,otherword798
sudden,otherword799
value,otherword800
Samuel,otherword801
direction,otherword802
chair,otherword803
due,otherword804
support,otherword805
tom,otherword806
date,otherword807
waiting,otherword808
Christian,otherword809
village,otherword810
lives,otherword811
reading,otherword812
agree,otherword813
lines,otherword814
considered,otherword815
field,otherword816
observed,otherword817
scarcely,otherword818
wished,otherword819
wait,otherword820
greatest,otherword821
permission,otherword822
success,otherword823
piece,otherword824
british,otherword825
ex,otherword826
Charles,otherword827
formed,otherword828
speaking,otherword829
trying,otherword830
conversation,otherword831
proper,otherword832
hill,otherword833
music,otherword834
opportunity,otherword835
Kings,otherword836
German,otherword837
afternoon,otherword838
cry,otherword839
cost,otherword840
allowed,otherword841
girls,otherword842
considerable,otherword843
c,otherword844
broke,otherword845
honour,otherword846
seven,otherword847
private,otherword848
sit,otherword849
news,otherword850
top,otherword851
scene,otherword852
discovered,otherword853
marriage,otherword854
step,otherword855
garden,otherword856
race,otherword857
begin,otherword858
per,otherword859
individual,otherword860
sitting,otherword861
learn,otherword862
political,otherword863
difficult,otherword864
bit,otherword865
speech,otherword866
Henry,otherword867
lie,otherword868
cast,otherword869
eat,otherword870
authority,otherword871
Chronicles,otherword872
floor,otherword873
ill,otherword874
ways,otherword875
officers,otherword876
offered,otherword877
original,otherword878
happiness,otherword879
flowers,otherword880
produced,otherword881
summer,otherword882
provide,otherword883
study,otherword884
religion,otherword885
picture,otherword886
walls,otherword887
personal,otherword888
America,otherword889
watch,otherword890
pleased,otherword891
leaves,otherword892
declared,otherword893
hot,otherword894
understood,otherword895
effort,otherword896
prepared,otherword897
escape,otherword898
attempt,otherword899
supposed,otherword900
killed,otherword901
fast,otherword902
author,otherword903
Indian,otherword904
brown,otherword905
determined,otherword906
pain,otherword907
spring,otherword908
takes,otherword909
drawn,otherword910
soldiers,otherword911
houses,otherword912
beneath,otherword913
talking,otherword914
turning,otherword915
century,otherword916
steps,otherword917
intended,otherword918
soft,otherword919
straight,otherword920
matters,otherword921
likely,otherword922
corner,otherword923
trademark,otherword924
justice,otherword925
simply,otherword926
produce,otherword927
trust,otherword928
appears,otherword929
Rome,otherword930
laugh,otherword931
forget,otherword932
Europe,otherword933
passage,otherword934
eight,otherword935
closed,otherword936
ourselves,otherword937
gives,otherword938
dress,otherword939
passing,otherword940
terrible,otherword941
required,otherword942
medium,otherword943
efforts,otherword944
sake,otherword945
breath,otherword946
wise,otherword947
ladies,otherword948
possession,otherword949
pleasant,otherword950
perfectly,otherword951
Ezra,otherword952
memory,otherword953
usually,otherword954
grave,otherword955
fixed,otherword956
modern,otherword957
spot,otherword958
troops,otherword959
rise,otherword960
break,otherword961
fifty,otherword962
island,otherword963
meeting,otherword964
camp,otherword965
nation,otherword966
existence,otherword967
reply,otherword968
Nehemiah,otherword969
copies,otherword970
sky,otherword971
touch,otherword972
equal,otherword973
fortune,otherword974
Esther,otherword975
shore,otherword976
domain,otherword977
named,otherword978
situation,otherword979
looks,otherword980
promise,otherword981
orders,otherword982
degree,otherword983
middle,otherword984
winter,otherword985
plan,otherword986
spent,otherword987
allow,otherword988
pale,otherword989
conduct,otherword990
running,otherword991
religious,otherword992
surprise,otherword993
minute,otherword994
roman,otherword995
Haran,otherword996
shot,otherword997
lead,otherword998
move,otherword999
names,otherword1000
Word,otherword1001
stop,otherword1002
higher,otherword1003
et,otherword1004
Job,otherword1005
threw,otherword1006
worse,otherword1007
built,otherword1008
spoken,otherword1009
glass,otherword1010
board,otherword1011
vain,otherword1012
affairs,otherword1013
instance,otherword1014
safe,otherword1015
loss,otherword1016
doctor,otherword1017
offer,otherword1018
class,otherword1019
complete,otherword1020
access,otherword1021
lower,otherword1022
Psalms,otherword1023
repeated,otherword1024
forms,otherword1025
darkness,otherword1026
military,otherword1027
warm,otherword1028
drink,otherword1029
passion,otherword1030
ones,otherword1031
physical,otherword1032
example,otherword1033
ears,otherword1034
questions,otherword1035
start,otherword1036
lying,otherword1037
smiled,otherword1038
keeping,otherword1039
spite,otherword1040
shown,otherword1041
directly,otherword1042
james,otherword1043
hart,otherword1044
serious,otherword1045
hat,otherword1046
dog,otherword1047
silver,otherword1048
sufficient,otherword1049
main,otherword1050
mentioned,otherword1051
servant,otherword1052
pride,otherword1053
crowd,otherword1054
train,otherword1055
wonderful,otherword1056
moral,otherword1057
instant,otherword1058
associated,otherword1059
path,otherword1060
greek,otherword1061
meaning,otherword1062
fit,otherword1063
ordered,otherword1064
lot,otherword1065
Proverbs,otherword1066
proved,otherword1067
obliged,otherword1068
enter,otherword1069
rule,otherword1070
sword,otherword1071
attack,otherword1072
seat,otherword1073
game,otherword1074
health,otherword1075
paragraph,otherword1076
statement,otherword1077
social,otherword1078
refund,otherword1079
sorry,otherword1080
courage,otherword1081
members,otherword1082
grace,otherword1083
official,otherword1084
dream,otherword1085
worthy,otherword1086
rock,otherword1087
jack,otherword1088
provided,otherword1089
special,otherword1090
shook,otherword1091
request,otherword1092
mighty,otherword1093
glance,otherword1094
heads,otherword1095
movement,otherword1096
fee,otherword1097
share,otherword1098
expect,otherword1099
Ecclesiastes,otherword1100
dollars,otherword1101
spread,otherword1102
opposite,otherword1103
glory,otherword1104
twelve,otherword1105
space,otherword1106
engaged,otherword1107
peter,otherword1108
wine,otherword1109
ordinary,otherword1110
mountains,otherword1111
taste,otherword1112
iron,otherword1113
Solomon,otherword1114
distribute,otherword1115
trade,otherword1116
consider,otherword1117
greatly,otherword1118
accepted,otherword1119
forced,otherword1120
advantage,otherword1121
ideas,otherword1122
decided,otherword1123
using,otherword1124
officer,otherword1125
rate,otherword1126
clothes,otherword1127
sign,otherword1128
feelings,otherword1129
native,otherword1130
promised,otherword1131
judge,otherword1132
difference,otherword1133
working,otherword1134
anxious,otherword1135
marry,otherword1136
captain,otherword1137
finished,otherword1138
extent,otherword1139
watched,otherword1140
curious,otherword1141
foreign,otherword1142
besides,otherword1143
method,otherword1144
excellent,otherword1145
confidence,otherword1146
marked,otherword1147
Isaiah,otherword1148
jesus,otherword1149
exactly,otherword1150
importance,otherword1151
finally,otherword1152
bill,otherword1153
vast,otherword1154
prove,otherword1155
fancy,otherword1156
quick,otherword1157
yes,otherword1158
sought,otherword1159
prevent,otherword1160
neck,otherword1161
hearts,otherword1162
liberty,otherword1163
interesting,otherword1164
sides,otherword1165
legal,otherword1166
gentlemen,otherword1167
dry,otherword1168
serve,otherword1169
aside,otherword1170
pure,otherword1171
concerning,otherword1172
forgotten,otherword1173
lose,otherword1174
powers,otherword1175
possessed,otherword1176
thrown,otherword1177
evidence,otherword1178
distant,otherword1179
michael,otherword1180
progress,otherword1181
similar,otherword1182
narrow,otherword1183
altogether,otherword1184
building,otherword1185
page,otherword1186
particularly,otherword1187
knowing,otherword1188
weeks,otherword1189
settled,otherword1190
holding,otherword1191
mountain,otherword1192
search,otherword1193
sad,otherword1194
sin,otherword1195
lies,otherword1196
proud,otherword1197
pieces,otherword1198
clearly,otherword1199
price,otherword1200
ships,otherword1201
thirty,otherword1202
sick,otherword1203
honest,otherword1204
shut,otherword1205
talked,otherword1206
bank,otherword1207
fate,otherword1208
dropped,otherword1209
judgment,otherword1210
conditions,otherword1211
Jeremiah,otherword1212
accept,otherword1213
hills,otherword1214
removed,otherword1215
forest,otherword1216
measure,otherword1217
species,otherword1218
seek,otherword1219
highest,otherword1220
otherwise,otherword1221
stream,otherword1222
honor,otherword1223
carefully,otherword1224
obtained,otherword1225
ear,otherword1226
bread,otherword1227
bottom,otherword1228
additional,otherword1229
presented,otherword1230
aid,otherword1231
fingers,otherword1232
q,otherword1233
remembered,otherword1234
choose,otherword1235
agreed,otherword1236
animal,otherword1237
events,otherword1238
Ezekiel,otherword1239
fully,otherword1240
delight,otherword1241
rights,otherword1242
amount,otherword1243
obtain,otherword1244
tax,otherword1245
servants,otherword1246
sons,otherword1247
cross,otherword1248
shoulders,otherword1249
thick,otherword1250
points,otherword1251
stranger,otherword1252
woods,otherword1253
facts,otherword1254
dare,otherword1255
grow,otherword1256
creature,otherword1257
hung,otherword1258
rain,otherword1259
FALSE,otherword1260
tall,otherword1261
gate,otherword1262
nations,otherword1263
created,otherword1264
refused,otherword1265
quietly,otherword1266
surface,otherword1267
freely,otherword1268
holy,otherword1269
streets,otherword1270
blow,otherword1271
july,otherword1272
regarded,otherword1273
fashion,otherword1274
report,otherword1275
coast,otherword1276
daily,otherword1277
file,otherword1278
shoulder,otherword1279
surprised,otherword1280
faces,otherword1281
succeeded,otherword1282
birds,otherword1283
distribution,otherword1284
royal,otherword1285
song,otherword1286
wealth,otherword1287
comfort,otherword1288
failed,otherword1289
freedom,otherword1290
peculiar,otherword1291
anyone,otherword1292
advance,otherword1293
gentle,otherword1294
surely,otherword1295
animals,otherword1296
waited,otherword1297
secure,otherword1298
desired,otherword1299
grass,otherword1300
touched,otherword1301
occupied,otherword1302
draw,otherword1303
stage,otherword1304
portion,otherword1305
expressed,otherword1306
opening,otherword1307
june,otherword1308
spirits,otherword1309
fish,otherword1310
tongue,otherword1311
capital,otherword1312
angry,otherword1313
growing,otherword1314
served,otherword1315
carriage,otherword1316
weather,otherword1317
breast,otherword1318
presently,otherword1319
snow,otherword1320
david,otherword1321
papers,otherword1322
necessity,otherword1323
practice,otherword1324
claim,otherword1325
Timothy,otherword1326
education,otherword1327
sharp,otherword1328
prince,otherword1329
permitted,otherword1330
group,otherword1331
enemies,otherword1332
robert,otherword1333
played,otherword1334
throughout,otherword1335
pity,otherword1336
expense,otherword1337
yours,otherword1338
million,otherword1339
add,otherword1340
pray,otherword1341
taught,otherword1342
explained,otherword1343
tired,otherword1344
leading,otherword1345
kill,otherword1346
shadow,otherword1347
companion,otherword1348
weight,otherword1349
Kiriathaim,otherword1350
established,otherword1351
suffered,otherword1352
gray,otherword1353
brave,otherword1354
thin,otherword1355
satisfied,otherword1356
check,otherword1357
virtue,otherword1358
golden,otherword1359
numerous,otherword1360
frequently,otherword1361
famous,otherword1362
telling,otherword1363
powerful,otherword1364
alive,otherword1365
waters,otherword1366
national,otherword1367
weak,otherword1368
divine,otherword1369
material,otherword1370
principal,otherword1371
gathered,otherword1372
suggested,otherword1373
frank,otherword1374
valley,otherword1375
guess,otherword1376
finding,otherword1377
yellow,otherword1378
heat,otherword1379
remains,otherword1380
bent,otherword1381
seized,otherword1382
guard,otherword1383
equally,otherword1384
naturally,otherword1385
box,otherword1386
remarkable,otherword1387
gods,otherword1388
moon,otherword1389
slight,otherword1390
style,otherword1391
pointed,otherword1392
saved,otherword1393
windows,otherword1394
crossed,otherword1395
louis,otherword1396
pounds,otherword1397
Daniel,otherword1398
evidently,otherword1399
principle,otherword1400
immediate,otherword1401
willing,otherword1402
consequence,otherword1403
richard,otherword1404
principles,otherword1405
characters,otherword1406
paul,otherword1407
season,otherword1408
remarked,otherword1409
science,otherword1410
tender,otherword1411
worked,otherword1412
grown,otherword1413
whispered,otherword1414
interested,otherword1415
quarter,otherword1416
midst,otherword1417
liked,otherword1418
advanced,otherword1419
apparently,otherword1420
Colossians,otherword1421
pwh,otherword1422
active,otherword1423
noticed,otherword1424
aware,otherword1425
thomas,otherword1426
uncle,otherword1427
list,otherword1428
dangerous,otherword1429
august,otherword1430
calm,otherword1431
genius,otherword1432
sacred,otherword1433
kingdom,otherword1434
entire,otherword1435
popular,otherword1436
unknown,otherword1437
nice,otherword1438
habit,otherword1439
spanish,otherword1440
Damascus,otherword1441
reader,otherword1442
published,otherword1443
direct,otherword1444
handsome,otherword1445
Hosea,otherword1446
joined,otherword1447
actually,otherword1448
kings,otherword1449
sd,otherword1450
posted,otherword1451
approach,otherword1452
washington,otherword1453
hearing,otherword1454
needed,otherword1455
increased,otherword1456
walking,otherword1457
twice,otherword1458
throw,otherword1459
intellectual,otherword1460
appointed,otherword1461
wisdom,otherword1462
ceased,otherword1463
truly,otherword1464
numbers,otherword1465
demanded,otherword1466
priest,otherword1467
wounded,otherword1468
sorrow,otherword1469
drive,otherword1470
fault,otherword1471
listened,otherword1472
palace,otherword1473
affair,otherword1474
contact,otherword1475
distinguished,otherword1476
station,otherword1477
beat,otherword1478
distributed,otherword1479
e,otherword1480
listen,otherword1481
italy,otherword1482
fool,otherword1483
becomes,otherword1484
watching,otherword1485
hurt,otherword1486
wants,otherword1487
express,otherword1488
occurred,otherword1489
favour,otherword1490
height,otherword1491
size,otherword1492
edge,otherword1493
subjects,otherword1494
task,otherword1495
follows,otherword1496
interests,otherword1497
nine,otherword1498
sympathy,otherword1499
burst,otherword1500
putting,otherword1501
dressed,otherword1502
lifted,otherword1503
hopes,otherword1504
suffer,otherword1505
noise,otherword1506
smiling,otherword1507
rode,otherword1508
tells,otherword1509
minds,otherword1510
farther,otherword1511
literature,otherword1512
vessel,otherword1513
affection,otherword1514
suffering,otherword1515
proceeded,otherword1516
flesh,otherword1517
advice,otherword1518
grand,otherword1519
carrying,otherword1520
legs,otherword1521
spain,otherword1522
post,otherword1523
collection,otherword1524
empty,otherword1525
rank,otherword1526
storm,otherword1527
Joel,otherword1528
imagine,otherword1529
wore,otherword1530
duties,otherword1531
admitted,otherword1532
countries,otherword1533
pocket,otherword1534
arrival,otherword1535
imagination,otherword1536
driven,otherword1537
loud,otherword1538
sentence,otherword1539
John,otherword1540
extraordinary,otherword1541
november,otherword1542
december,otherword1543
happen,otherword1544
absence,otherword1545
breakfast,otherword1546
population,otherword1547
thank,otherword1548
rules,otherword1549
inhabitants,otherword1550
series,otherword1551
laughing,otherword1552
address,otherword1553
relief,otherword1554
bird,otherword1555
owner,otherword1556
impression,otherword1557
satisfaction,otherword1558
coat,otherword1559
prepare,otherword1560
relations,otherword1561
shape,otherword1562
birth,otherword1563
rapidly,otherword1564
smoke,otherword1565
January,otherword1566
Amos,otherword1567
machine,otherword1568
content,otherword1569
consideration,otherword1570
accompanied,otherword1571
regular,otherword1572
moving,otherword1573
stands,otherword1574
wholly,otherword1575
teeth,otherword1576
busy,otherword1577
treated,otherword1578
burning,otherword1579
shame,otherword1580
quality,otherword1581
bay,otherword1582
discover,otherword1583
inside,otherword1584
brain,otherword1585
soil,otherword1586
completely,otherword1587
message,otherword1588
ring,otherword1589
resolved,otherword1590
calling,otherword1591
phrase,otherword1592
acts,otherword1593
mention,otherword1594
square,otherword1595
pair,otherword1596
won,otherword1597
title,otherword1598
understanding,otherword1599
Sunday,otherword1600
fruit,otherword1601
mad,otherword1602
forces,otherword1603
included,otherword1604
tea,otherword1605
rocks,otherword1606
nearer,otherword1607
slaves,otherword1608
falling,otherword1609
absolutely,otherword1610
slow,otherword1611
bearing,otherword1612
mercy,otherword1613
larger,otherword1614
explain,otherword1615
contain,otherword1616
grief,otherword1617
soldier,otherword1618
Jonah,otherword1619
countenance,otherword1620
previous,otherword1621
explanation,otherword1622
welcome,otherword1623
proposed,otherword1624
prayer,otherword1625
stars,otherword1626
germany,otherword1627
belief,otherword1628
informed,otherword1629
moments,otherword1630
poetry,otherword1631
constant,otherword1632
buy,otherword1633
final,otherword1634
faithful,otherword1635
ride,otherword1636
policy,otherword1637
supper,otherword1638
drawing,otherword1639
excitement,otherword1640
dying,otherword1641
demand,otherword1642
fighting,otherword1643
fields,otherword1644
drove,otherword1645
upper,otherword1646
sum,otherword1647
philip,otherword1648
motion,otherword1649
assistance,otherword1650
forty,otherword1651
april,otherword1652
stones,otherword1653
edward,otherword1654
fees,otherword1655
kindly,otherword1656
dignity,otherword1657
catch,otherword1658
october,otherword1659
seated,otherword1660
knees,otherword1661
amongst,otherword1662
current,otherword1663
sending,otherword1664
parties,otherword1665
objects,otherword1666
gained,otherword1667
bitter,otherword1668
possibly,otherword1669
slave,otherword1670
separate,otherword1671
loose,otherword1672
text,otherword1673
receiving,otherword1674
worst,otherword1675
sold,otherword1676
don,otherword1677
credit,otherword1678
chosen,otherword1679
hoped,otherword1680
printed,otherword1681
terror,otherword1682
features,otherword1683
fond,otherword1684
control,otherword1685
capable,otherword1686
fifteen,otherword1687
Micah,otherword1688
firm,otherword1689
superior,otherword1690
cruel,otherword1691
spiritual,otherword1692
harry,otherword1693
splendid,otherword1694
proof,otherword1695
pressed,otherword1696
sooner,otherword1697
join,otherword1698
process,otherword1699
crime,otherword1700
dust,otherword1701
instantly,otherword1702
lands,otherword1703
relation,otherword1704
doors,otherword1705
concerned,otherword1706
deeply,otherword1707
practical,otherword1708
colour,otherword1709
sing,otherword1710
destroy,otherword1711
anger,otherword1712
distributing,otherword1713
results,otherword1714
increase,otherword1715
reasons,otherword1716
nose,otherword1717
friendly,otherword1718
entrance,otherword1719
rooms,otherword1720
admit,otherword1721
supply,otherword1722
clean,otherword1723
useful,otherword1724
yesterday,otherword1725
delicate,otherword1726
fail,otherword1727
continue,otherword1728
remove,otherword1729
addressed,otherword1730
choice,otherword1731
huge,otherword1732
needs,otherword1733
wear,otherword1734
blind,otherword1735
unable,otherword1736
cover,otherword1737
double,otherword1738
victory,otherword1739
dozen,otherword1740
constantly,otherword1741
level,otherword1742
india,otherword1743
release,otherword1744
rough,otherword1745
ended,otherword1746
shows,otherword1747
fly,otherword1748
praise,otherword1749
devil,otherword1750
ahead,otherword1751
smith,otherword1752
connected,otherword1753
degrees,otherword1754
gain,otherword1755
addition,otherword1756
committed,otherword1757
chamber,otherword1758
notes,otherword1759
italian,otherword1760
gradually,otherword1761
acquaintance,otherword1762
bought,otherword1763
souls,otherword1764
mission,otherword1765
sacrifice,otherword1766
cities,otherword1767
mistake,otherword1768
exercise,otherword1769
conscience,otherword1770
based,otherword1771
car,otherword1772
buried,otherword1773
theory,otherword1774
commanded,otherword1775
nobody,otherword1776
minister,otherword1777
closely,otherword1778
energy,otherword1779
dick,otherword1780
bare,otherword1781
fought,otherword1782
partly,otherword1783
mistress,otherword1784
hate,otherword1785
arose,otherword1786
playing,otherword1787
color,otherword1788
lake,otherword1789
safety,otherword1790
provisions,otherword1791
description,otherword1792
asleep,otherword1793
centre,otherword1794
faint,otherword1795
thinks,otherword1796
parents,otherword1797
escaped,otherword1798
careful,otherword1799
enjoy,otherword1800
drop,otherword1801
brilliant,otherword1802
brief,otherword1803
bringing,otherword1804
worship,otherword1805
goods,otherword1806
tale,otherword1807
skin,otherword1808
roof,otherword1809
grey,otherword1810
highly,otherword1811
crown,otherword1812
castle,otherword1813
excited,otherword1814
throne,otherword1815
stated,otherword1816
despair,otherword1817
ease,otherword1818
attached,otherword1819
total,otherword1820
kindness,otherword1821
mile,otherword1822
citizens,otherword1823
circle,otherword1824
dull,otherword1825
extreme,otherword1826
clouds,otherword1827
figures,otherword1828
intention,otherword1829
prison,otherword1830
term,otherword1831
assured,otherword1832
hidden,otherword1833
thoroughly,otherword1834
cup,otherword1835
member,otherword1836
civil,otherword1837
apply,otherword1838
labor,otherword1839
everywhere,otherword1840
intelligence,otherword1841
strike,otherword1842
fairly,otherword1843
comply,otherword1844
fellows,otherword1845
Nahum,otherword1846
event,otherword1847
gently,otherword1848
connection,otherword1849
protection,otherword1850
conscious,otherword1851
edition,otherword1852
directed,otherword1853
pulled,otherword1854
flight,otherword1855
evident,otherword1856
surrounded,otherword1857
wishes,otherword1858
yards,otherword1859
Mesopotamia,otherword1860
weary,otherword1861
couple,otherword1862
variety,otherword1863
whilst,otherword1864
volume,otherword1865
details,otherword1866
older,otherword1867
requirements,otherword1868
custom,otherword1869
apart,otherword1870
bow,otherword1871
awful,otherword1872
everybody,otherword1873
labour,otherword1874
asking,otherword1875
Acts,otherword1876
showing,otherword1877
introduced,otherword1878
suit,otherword1879
becoming,otherword1880
composed,otherword1881
plans,otherword1882
rendered,otherword1883
pictures,otherword1884
lest,otherword1885
volunteers,otherword1886
singing,otherword1887
eager,otherword1888
precious,otherword1889
paused,otherword1890
require,otherword1891
meat,otherword1892
whenever,otherword1893
milk,otherword1894
dogs,otherword1895
successful,otherword1896
plants,otherword1897
vision,otherword1898
rare,otherword1899
granted,otherword1900
raise,otherword1901
egypt,otherword1902
manners,otherword1903
cousin,otherword1904
Habakkuk,otherword1905
development,otherword1906
arthur,otherword1907
obs,otherword1908
cool,otherword1909
trial,otherword1910
learning,otherword1911
approached,otherword1912
bridge,otherword1913
abroad,otherword1914
devoted,otherword1915
paying,otherword1916
literary,otherword1917
writer,otherword1918
fn,otherword1919
israel,otherword1920
disappeared,otherword1921
interrupted,otherword1922
stock,otherword1923
readers,otherword1924
dreadful,otherword1925
female,otherword1926
protect,otherword1927
accustomed,otherword1928
virginia,otherword1929
type,otherword1930
recognized,otherword1931
salt,otherword1932
destroyed,otherword1933
signs,otherword1934
innocent,otherword1935
temper,otherword1936
plenty,otherword1937
pope,otherword1938
avoid,otherword1939
hurried,otherword1940
represented,otherword1941
favor,otherword1942
mental,otherword1943
attitude,otherword1944
returning,otherword1945
admiration,otherword1946
brothers,otherword1947
anxiety,otherword1948
queen,otherword1949
teach,otherword1950
count,otherword1951
curiosity,otherword1952
solemn,otherword1953
causes,otherword1954
vessels,otherword1955
compelled,otherword1956
dance,otherword1957
hotel,otherword1958
wicked,otherword1959
fled,otherword1960
Galatians,otherword1961
guns,otherword1962
fill,otherword1963
visible,otherword1964
younger,otherword1965
guide,otherword1966
earnest,otherword1967
actual,otherword1968
companions,otherword1969
prisoner,otherword1970
miserable,otherword1971
lad,otherword1972
harm,otherword1973
views,otherword1974
irish,otherword1975
utterly,otherword1976
ends,otherword1977
shop,otherword1978
stairs,otherword1979
pardon,otherword1980
gay,otherword1981
beg,otherword1982
seldom,otherword1983
kinds,otherword1984
record,otherword1985
fat,otherword1986
sand,otherword1987
violent,otherword1988
branches,otherword1989
inquired,otherword1990
iv,otherword1991
september,otherword1992
worn,otherword1993
ireland,otherword1994
flat,otherword1995
departure,otherword1996
delivered,otherword1997
gift,otherword1998
ruin,otherword1999
skill,otherword2000
cattle,otherword2001
Zephaniah,otherword2002
equipment,otherword2003
temple,otherword2004
calls,otherword2005
earlier,otherword2006
license,otherword2007
visited,otherword2008
en,otherword2009
consent,otherword2010
sufficiently,otherword2011
natives,otherword2012
wound,otherword2013
laughter,otherword2014
contained,otherword2015
perceived,otherword2016
scattered,otherword2017
whence,otherword2018
rushed,otherword2019
chiefly,otherword2020
bold,otherword2021
anywhere,otherword2022
witness,otherword2023
foolish,otherword2024
helped,otherword2025
kitchen,otherword2026
sell,otherword2027
anybody,otherword2028
self,otherword2029
extremely,otherword2030
treatment,otherword2031
throat,otherword2032
dreams,otherword2033
patient,otherword2034
speed,otherword2035
growth,otherword2036
quantity,otherword2037
latin,otherword2038
immense,otherword2039
conclusion,otherword2040
computer,otherword2041
affected,otherword2042
severe,otherword2043
excuse,otherword2044
triumph,otherword2045
origin,otherword2046
joseph,otherword2047
slept,otherword2048
eternal,otherword2049
thine,otherword2050
audience,otherword2051
pages,otherword2052
sounds,otherword2053
swift,otherword2054
limited,otherword2055
wings,otherword2056
stepped,otherword2057
services,otherword2058
library,otherword2059
remaining,otherword2060
containing,otherword2061
base,otherword2062
confusion,otherword2063
win,otherword2064
maid,otherword2065
charming,otherword2066
editions,otherword2067
attended,otherword2068
softly,otherword2069
reality,otherword2070
performed,otherword2071
glorious,otherword2072
likewise,otherword2073
site,otherword2074
sail,otherword2075
frightened,otherword2076
acquainted,otherword2077
unhappy,otherword2078
feared,otherword2079
article,otherword2080
prisoners,otherword2081
store,otherword2082
adopted,otherword2083
shalt,otherword2084
remark,otherword2085
cook,otherword2086
thousands,otherword2087
pause,otherword2088
inclined,otherword2089
convinced,otherword2090
band,otherword2091
valuable,otherword2092
hence,otherword2093
desert,otherword2094
effects,otherword2095
kiss,otherword2096
plant,otherword2097
ice,otherword2098
ball,otherword2099
stick,otherword2100
absolute,otherword2101
readily,otherword2102
behold,otherword2103
fierce,otherword2104
argument,otherword2105
observe,otherword2106
blessed,otherword2107
bosom,otherword2108
rage,otherword2109
striking,otherword2110
discovery,otherword2111
creatures,otherword2112
shouted,otherword2113
guilty,otherword2114
related,otherword2115
setting,otherword2116
forgot,otherword2117
punishment,otherword2118
gun,otherword2119
slightly,otherword2120
articles,otherword2121
police,otherword2122
mysterious,otherword2123
extended,otherword2124
confess,otherword2125
shade,otherword2126
murder,otherword2127
emotion,otherword2128
destruction,otherword2129
wondered,otherword2130
increasing,otherword2131
hide,otherword2132
expedition,otherword2133
horror,otherword2134
local,otherword2135
expenses,otherword2136
ignorant,otherword2137
doctrine,otherword2138
generous,otherword2139
range,otherword2140
host,otherword2141
wet,otherword2142
cloud,otherword2143
mystery,otherword2144
ed,otherword2145
waste,otherword2146
changes,otherword2147
possess,otherword2148
consciousness,otherword2149
february,otherword2150
trembling,otherword2151
disease,otherword2152
formerly,otherword2153
spend,otherword2154
production,otherword2155
source,otherword2156
mankind,otherword2157
universal,otherword2158
deck,otherword2159
sees,otherword2160
habits,otherword2161
estate,otherword2162
aunt,otherword2163
reign,otherword2164
humble,otherword2165
compliance,otherword2166
delay,otherword2167
shining,otherword2168
reported,otherword2169
hers,otherword2170
unfortunate,otherword2171
midnight,otherword2172
listening,otherword2173
flower,otherword2174
hero,otherword2175
accomplished,otherword2176
doth,otherword2177
classes,otherword2178
thanks,otherword2179
banks,otherword2180
philosophy,otherword2181
Hebrews,otherword2182
finger,otherword2183
comfortable,otherword2184
market,otherword2185
cap,otherword2186
waves,otherword2187
Haggai,otherword2188
glanced,otherword2189
troubled,otherword2190
difficulties,otherword2191
picked,otherword2192
european,otherword2193
purposes,otherword2194
somewhere,otherword2195
delighted,otherword2196
pushed,otherword2197
press,otherword2198
household,otherword2199
fleet,otherword2200
baby,otherword2201
region,otherword2202
lately,otherword2203
Mark,otherword2204
exact,otherword2205
image,otherword2206
ages,otherword2207
murmured,otherword2208
melancholy,otherword2209
suspicion,otherword2210
bowed,otherword2211
refuse,otherword2212
elizabeth,otherword2213
staff,otherword2214
liability,otherword2215
Zechariah,otherword2216
enjoyed,otherword2217
stretched,otherword2218
gaze,otherword2219
belonged,otherword2220
ashamed,otherword2221
reward,otherword2222
meal,otherword2223
blame,otherword2224
nodded,otherword2225
status,otherword2226
opinions,otherword2227
indicate,otherword2228
poem,otherword2229
savage,otherword2230
arise,otherword2231
voyage,otherword2232
misery,otherword2233
guests,otherword2234
painted,otherword2235
attend,otherword2236
afford,otherword2237
donate,otherword2238
job,otherword2239
proceed,otherword2240
Romans,otherword2241
forehead,otherword2242
regret,otherword2243
plainly,otherword2244
risk,otherword2245
ad,otherword2246
lighted,otherword2247
angel,otherword2248
rapid,otherword2249
distinct,otherword2250
doubtless,otherword2251
properly,otherword2252
wit,otherword2253
fame,otherword2254
singular,otherword2255
error,otherword2256
utmost,otherword2257
methods,otherword2258
reputation,otherword2259
appeal,otherword2260
Malachi,otherword2261
w,otherword2262
strongly,otherword2263
margaret,otherword2264
lack,otherword2265
breaking,otherword2266
dawn,otherword2267
violence,otherword2268
fatal,otherword2269
render,otherword2270
career,otherword2271
design,otherword2272
displayed,otherword2273
gets,otherword2274
commercial,otherword2275
forgive,otherword2276
lights,otherword2277
agreeable,otherword2278
suggestion,otherword2279
Ephesians,otherword2280
sheep,otherword2281
resolution,otherword2282
spare,otherword2283
patience,otherword2284
domestic,otherword2285
concluded,otherword2286
Matthew,otherword2287
farm,otherword2288
reference,otherword2289
chinese,otherword2290
exist,otherword2291
corn,otherword2292
approaching,otherword2293
Corinthians,otherword2294
mounted,otherword2295
jane,otherword2296
Philippians,otherword2297
key,otherword2298
providing,otherword2299
majority,otherword2300
measures,otherword2301
towns,otherword2302
flame,otherword2303
boston,otherword2304
dared,otherword2305
ignorance,otherword2306
reduced,otherword2307
occasionally,otherword2308
y,otherword2309
weakness,otherword2310
furnished,otherword2311
Abraham,otherword2312
priests,otherword2313
flying,otherword2314
cloth,otherword2315
gazed,otherword2316
profit,otherword2317
fourth,otherword2318
bell,otherword2319
hitherto,otherword2320
benefit,otherword2321
movements,otherword2322
eagerly,otherword2323
acted,otherword2324
urged,otherword2325
ascii,otherword2326
disposed,otherword2327
electronically,otherword2328
atmosphere,otherword2329
chapter,otherword2330
begged,otherword2331
helen,otherword2332
hole,otherword2333
invited,otherword2334
Thessalonians,otherword2335
departed,otherword2336
catholic,otherword2337
files,otherword2338
reasonable,otherword2339
sugar,otherword2340
replacement,otherword2341
sigh,otherword2342
humanity,otherword2343
thrust,otherword2344
frame,otherword2345
opposition,otherword2346
disk,otherword2347
Titus,otherword2348
lonely,otherword2349
artist,otherword2350
knight,otherword2351
quarters,otherword2352
charm,otherword2353
substance,otherword2354
rolled,otherword2355
email,otherword2356
flung,otherword2357
celebrated,otherword2358
division,otherword2359
slavery,otherword2360
verse,otherword2361
decision,otherword2362
probable,otherword2363
painful,otherword2364
governor,otherword2365
forever,otherword2366
turns,otherword2367
branch,otherword2368
ocean,otherword2369
rear,otherword2370
leader,otherword2371
delightful,otherword2372
stared,otherword2373
boats,otherword2374
keen,otherword2375
disposition,otherword2376
senses,otherword2377
occasions,otherword2378
readable,otherword2379
beloved,otherword2380
inches,otherword2381
bones,otherword2382
enthusiasm,otherword2383
materials,otherword2384
luck,otherword2385
derived,otherword2386
managed,otherword2387
community,otherword2388
apparent,otherword2389
preserved,otherword2390
magnificent,otherword2391
hurry,otherword2392
scheme,otherword2393
Rebekah,otherword2394
thence,otherword2395
reaching,otherword2396
dim,otherword2397
wretched,otherword2398
hanging,otherword2399
pipe,otherword2400
useless,otherword2401
nevertheless,otherword2402
print,otherword2403
smooth,otherword2404
solid,otherword2405
pursued,otherword2406
necessarily,otherword2407
build,otherword2408
attempted,otherword2409
centuries,otherword2410
eggs,otherword2411
equivalent,otherword2412
Peter,otherword2413
burned,otherword2414
James,otherword2415
recent,otherword2416
oh,otherword2417
travel,otherword2418
cries,otherword2419
noon,otherword2420
crying,otherword2421
generations,otherword2422
located,otherword2423
Egypt,otherword2424
announcement,otherword2425
britain,otherword2426
compared,otherword2427
handed,otherword2428
Jordan,otherword2429
smaller,otherword2430
circumstance,otherword2431
tent,otherword2432
frequent,otherword2433
alarm,otherword2434
nervous,otherword2435
beast,otherword2436
LORD,otherword2437
aloud,otherword2438
independent,otherword2439
gates,otherword2440
distinction,otherword2441
essential,otherword2442
observation,otherword2443
stronger,otherword2444
recovered,otherword2445
Eden,otherword2446
Cain,otherword2447
Enmishpat,otherword2448
Zoar,otherword2449
Adam,otherword2450
permanent,otherword2451
mortal,otherword2452
stern,otherword2453
gratitude,otherword2454
preserve,otherword2455
burden,otherword2456
aspect,otherword2457
millions,otherword2458
Zuzims,otherword2459
knife,otherword2460
dread,otherword2461
clever,otherword2462
applicable,otherword2463
district,otherword2464
shadows,otherword2465
jim,otherword2466
silk,otherword2467
failure,otherword2468
links,otherword2469
cent,otherword2470
sentiment,otherword2471
Asshurim,otherword2472
Leummim,otherword2473
agent,otherword2474
finds,otherword2475
Russia,otherword2476
bade,otherword2477
Russian,otherword2478
desperate,otherword2479
union,otherword2480
imagined,otherword2481
contempt,otherword2482
raising,otherword2483
lords,otherword2484
Machpelah,otherword2485
separated,otherword2486
Padanaram,otherword2487
seriously,otherword2488
tribes,otherword2489
hit,otherword2490
enormous,otherword2491
defective,otherword2492
conviction,otherword2493
secured,otherword2494
mixed,otherword2495
insisted,otherword2496
wooden,otherword2497
prefer,otherword2498
Bilhah,otherword2499
Succoth,otherword2500
